{"cameraMode":{"drawMode":2,"name":"Shaded Wireframe","section":"Shading Mode"},"sceneLighting":true,"audioPlay":false,"sceneViewState":{"showFog":true,"showMaterialUpdate":false,"showSkybox":true,"showFlares":true,"showImageEffects":true,"showParticleSystems":true},"in2DMode":false,"pivot":{"x":-5.356706619262695,"y":35.28266143798828,"z":-6.779788494110107},"rotation":{"x":-0.07245267927646637,"y":0.8202876448631287,"z":-0.10667029023170471,"w":-0.5572255849838257},"size":40.73310470581055,"orthographic":false}