{"cameraMode":{"drawMode":0,"name":"Shaded","section":"Shading Mode"},"sceneLighting":true,"audioPlay":false,"sceneViewState":{"showFog":false,"showMaterialUpdate":false,"showSkybox":false,"showFlares":false,"showImageEffects":false,"showParticleSystems":false},"in2DMode":false,"pivot":{"x":-0.0002374798059463501,"y":0.3893588185310364,"z":-0.003188684582710266},"rotation":{"x":0.14841721951961518,"y":-0.7772881984710693,"z":0.19963310658931733,"w":0.5778771638870239},"size":1.4015158414840699,"orthographic":false}